Model Name,Temperature,Name,Looking For,Prompt,Email Subject,Email Body
gpt-3.5-turbo,0,Yaqub Qamar Ad Din Dibiazah,"In the past, the company encountered an issue where their product manuals became out of sync with the software documentation. As the development teams continued to add new features and refine existing ones, they also updated the documentation. However, this required manual synchronization between the product manuals and the software documentation.

To address this problem, the company has envisioned a solution called ""CentDoc"". This tool will automatically detect any inconsistencies between the product manuals and software documentation. It will then remove outdated information from the manuals using the software documentation, but only after receiving explicit approval from the user.","[('system', 'Goal: Craft an email to send to a potential lead. This email should be concise, informative, and engaging. The tone of the email should be human like. It should inquire more details about the scope and budget of project they have in mind. The email should have a brief subject that\'s less than 30 characters. Use HR and hr@antematter.so in Regards section of the email. The email body shouldnt be longer than 3 paragraphs. The email should not use any flowery or flattery language.\n\nUse the below provided information to craft the email.\nInformation about the lead:\n- Name: Yaqub Qamar Ad Din Dibiazah\n- Job Title: Director Engineering\n- Organization: Imaarat Tech\n- Company Size: 50-100\n- Department: Engineering\n- Project Title: CentDoc\n- Looking for: In the past, the company encountered an issue where their product manuals became out of sync with the software documentation. As the development teams continued to add new features and refine existing ones, they also updated the documentation. However, this required manual synchronization between the product manuals and the software documentation.\r\n\r\nTo address this problem, the company has envisioned a solution called ""CentDoc"". This tool will automatically detect any inconsistencies between the product manuals and software documentation. It will then remove outdated information from the manuals using the software documentation, but only after receiving explicit approval from the user.')]",Subject: Inquiry about CentDoc Project Scope,"Dear Yaqub Qamar Ad Din Dibiazah,

I hope this email finds you well. I am reaching out from Antematter, and I am intrigued by the concept of ""CentDoc"" that you are envisioning at Imaarat Tech. The idea of automating the synchronization process between product manuals and software documentation sounds like a promising solution.

I would love to learn more about the scope and budget you have in mind for the CentDoc project. Understanding your requirements better will enable us to tailor our services to meet your specific needs effectively. Could you kindly provide more details regarding the project's scope and budget?

Looking forward to the opportunity of potentially collaborating with you on this innovative project.

Warm regards,

HR
Antematter
hr@antematter.so"
gpt-3.5-turbo,0,Joe Steve,"Anz LLC is a company that creates SEO-enabled internet content for small businesses. They have a team of 20 members who write content for various products offered by different businesses. The team now plans to utilize generative AI to expedite the writing process, which will facilitate scaling for them.","[('system', ""Goal: Craft an email to send to a potential lead. This email should be concise, informative, and engaging. The tone of the email should be human like. It should inquire more details about the scope and budget of project they have in mind. The email should have a brief subject that's less than 30 characters. Use HR and hr@antematter.so in Regards section of the email. The email body shouldnt be longer than 3 paragraphs. The email should not use any flowery or flattery language.\n\nUse the below provided information to craft the email.\nInformation about the lead:\n- Name: Joe Steve\n- Job Title: CTO\n- Organization: Anz LLC\n- Company Size: 25-50\n- Department: Content\n- Project Title: ConSys\n- Looking for: Anz LLC is a company that creates SEO-enabled internet content for small businesses. They have a team of 20 members who write content for various products offered by different businesses. The team now plans to utilize generative AI to expedite the writing process, which will facilitate scaling for them."")]",Subject: Inquiry about Your Project Scope and Budget,"Hi Joe Steve,

I hope this email finds you well. I came across your project, ConSys, and I'm intrigued by Anz LLC's initiative to incorporate generative AI into your content creation process. As a team that specializes in AI solutions, we are excited about the potential collaboration.

To better understand your project's scope and budget, could you provide more details on the specific requirements and goals you have in mind for integrating generative AI into your content creation process? This information will help us tailor our proposal to meet your needs effectively.

Looking forward to hearing from you soon.

Regards,
HR
hr@antematter.so"
gpt-3.5-turbo,0,Sophia Rodriguez,"TechSprint Innovations is focused on automating the coding process to enhance development speed and accuracy. As the Lead Developer, Sophia Rodriguez spearheads the implementation of AutoCode, an innovative tool designed to automatically generate code snippets based on predefined patterns. This aims to streamline the coding workflow and boost overall development efficiency.","[('system', ""Goal: Craft an email to send to a potential lead. This email should be concise, informative, and engaging. The tone of the email should be human like. It should inquire more details about the scope and budget of project they have in mind. The email should have a brief subject that's less than 30 characters. Use HR and hr@antematter.so in Regards section of the email. The email body shouldnt be longer than 3 paragraphs. The email should not use any flowery or flattery language.\n\nUse the below provided information to craft the email.\nInformation about the lead:\n- Name: Sophia Rodriguez\n- Job Title: Lead Developer\n- Organization: TechSprint Innovations\n- Company Size: 250-400\n- Department: Engineering\n- Project Title: AutoCode\n- Looking for: TechSprint Innovations is focused on automating the coding process to enhance development speed and accuracy. As the Lead Developer, Sophia Rodriguez spearheads the implementation of AutoCode, an innovative tool designed to automatically generate code snippets based on predefined patterns. This aims to streamline the coding workflow and boost overall development efficiency."")]",Subject: Inquiry about AutoCode Project,"Dear Sophia Rodriguez,

I hope this email finds you well. I am reaching out from Antematter, a tech solutions provider, with a keen interest in your AutoCode project at TechSprint Innovations. Your initiative to automate the coding process is truly commendable, and we are excited about the potential it holds for enhancing development speed and accuracy.

I would love to learn more about the scope and budget of the AutoCode project. Understanding these details will enable us to tailor our services to best support your goals and contribute to the success of this innovative tool. Could you kindly provide more insights into the project's requirements and expectations?

Looking forward to the opportunity to collaborate and contribute to the success of the AutoCode project.

Warm regards,

HR
Antematter
hr@antematter.so"
gpt-3.5-turbo,0,Ayesha Raza,"LuxeDrive Rentals specializes in providing luxury car rental services, offering an exclusive fleet of high-end vehicles. Isabella Thompson, the Marketing Manager, is spearheading the initiative to establish a strong online presence. The company envisions a complete mobile solution, CarElite, tailored to showcase their premium car collection, facilitate seamless bookings, and enhance the overall customer experience.","[('system', ""Goal: Craft an email to send to a potential lead. This email should be concise, informative, and engaging. The tone of the email should be human like. It should inquire more details about the scope and budget of project they have in mind. The email should have a brief subject that's less than 30 characters. Use HR and hr@antematter.so in Regards section of the email. The email body shouldnt be longer than 3 paragraphs. The email should not use any flowery or flattery language.\n\nUse the below provided information to craft the email.\nInformation about the lead:\n- Name: Ayesha Raza\n- Job Title: Marketing Manager\n- Organization: LuxeDrive Rentals\n- Company Size: 7\n- Department: - \n- Project Title: CarElite\n- Looking for: LuxeDrive Rentals specializes in providing luxury car rental services, offering an exclusive fleet of high-end vehicles. Isabella Thompson, the Marketing Manager, is spearheading the initiative to establish a strong online presence. The company envisions a complete mobile solution, CarElite, tailored to showcase their premium car collection, facilitate seamless bookings, and enhance the overall customer experience."")]",Subject: Inquiry about CarElite Project,"Hi Ayesha,

I hope this email finds you well. I came across the exciting project you are working on, CarElite, for LuxeDrive Rentals. As a team at Antematter, we are intrigued by the vision you have for a complete mobile solution to enhance your online presence and customer experience.

We would love to learn more about the scope and budget you have in mind for the CarElite project. Understanding your requirements better will enable us to tailor our services to meet your specific needs effectively. Could you please provide more details so we can offer you a customized solution?

Looking forward to the opportunity to collaborate with LuxeDrive Rentals on this innovative project.

Warm regards,

HR
Antematter
hr@antematter.so"
